design_id,design_name,file_location,file_name
8,Wooden,/usr,wooden-20220717-npgz.json
51,Bronze,/private,bronze-20221024-4dds.json
69,Bronze,/lost+found,bronze-20230102-r904.json
16,Soft,/System,soft-20211001-cjaz.json
54,Plastic,/usr/ports,plastic-20221206-bw3l.json
10,Soft,/usr/share,soft-20220201-hzz1.json
57,Cotton,/etc/periodic,cotton-20220527-vn4b.json
45,Frozen,/Users,frozen-20221021-bjqs.json
2,Steel,/etc/periodic,steel-20210725-fcxq.json
4,Granite,/usr/local/src,granite-20220430-l5fs.json
24,Granite,/etc/mail,granite-20210516-8b7j.json
30,Cotton,/etc,cotton-20220507-r5ui.json
31,Soft,/root,soft-20221103-i6wm.json
33,Steel,/media,steel-20220201-shjp.json
35,Wooden,/usr/share,wooden-20211125-6y56.json
36,Fresh,/usr/sbin,fresh-20221213-fhsy.json
12,Frozen,/private/tmp,frozen-20201124-fsdu.json
39,Granite,/net,granite-20220831-q5ev.json
7,Wooden,/usr/local/bin,wooden-20211114-otpq.json
40,Metal,/lost+found,metal-20221004-53ba.json
66,Metal,/rescue,metal-20220712-rp0w.json
21,Wooden,/opt/lib,wooden-20211225-adqt.json
46,Granite,/var/tmp,granite-20210528-5n3g.json
62,Granite,/etc/ppp,granite-20211004-j4iv.json
56,Steel,/usr/libdata,steel-20210123-65zd.json
3,Steel,/System,steel-20210621-13gb.json
41,Granite,/usr/obj,granite-20220125-ifwa.json
38,Soft,/etc/defaults,soft-20210917-8ej0.json
18,Bronze,/rescue,bronze-20210303-f74o.json
47,Steel,/Users,steel-20210910-skxr.json
64,Plastic,/usr/X11R6,plastic-20220312-0d0w.json
67,Cotton,/usr/share,cotton-20220212-yxcz.json
65,Frozen,/private,frozen-20210506-52tz.json
60,Fresh,/usr,fresh-20211212-anbo.json
25,Bronze,/usr/libexec,bronze-20211128-w9ae.json
71,Bronze,/usr,bronze-20211101-nx5c.json
53,Bronze,/opt/lib,bronze-20221012-a8mw.json
48,Wooden,/opt/share,wooden-20220311-xzey.json
77,Bronze,/Applications,bronze-20220413-hku5.json
63,Fresh,/etc,fresh-20220123-y982.json
27,Concrete,/net,concrete-20220508-l474.json
75,Frozen,/usr/libexec,frozen-20221126-uhaz.json
79,Cotton,/usr/local/src,cotton-20230204-8wx0.json
80,Rubber,/selinux,rubber-20220421-8qca.json
81,Plastic,/sbin,plastic-20221224-cpuv.json
82,Bronze,/home,bronze-20220618-25np.json
6,Fresh,/opt/sbin,fresh-20220807-6ycu.json
61,Cotton,/dev,cotton-20220616-8nc6.json
13,Granite,/home/user/dir,granite-20220705-4y7t.json
52,Bronze,/etc/namedb,bronze-20210909-ghv2.json
78,Fresh,/etc,fresh-20210425-bbsy.json
55,Concrete,/usr/ports,concrete-20210614-04nd.json
32,Plastic,/private/var,plastic-20210324-jxeq.json
19,Frozen,/lost+found,frozen-20210815-rl8i.json
49,Bronze,/usr/lib,bronze-20220422-3ly6.json
23,Soft,/var/log,soft-20210907-yf4z.json
68,Concrete,/home/user,concrete-20210929-235v.json
11,Cotton,/net,cotton-20211005-yxjd.json
73,Granite,/usr/share,granite-20221221-ro5o.json
1,Wooden,/lib,wooden-20201128-jdvi.json
34,Wooden,/usr/local/bin,wooden-20211101-2wja.json
28,Bronze,/etc,bronze-20210303-d7r1.json
15,Steel,/selinux,steel-20210707-zhuw.json
43,Plastic,/mnt,plastic-20220327-9enf.json
5,Granite,/Network,granite-20220419-b6n4.json
70,Cotton,/home/user/dir,cotton-20220124-9xol.json
14,Granite,/usr/obj,granite-20210406-uwqg.json
59,Cotton,/System,cotton-20210901-bgz0.json
37,Frozen,/etc/namedb,frozen-20210909-nxsu.json
76,Fresh,/boot/defaults,fresh-20220725-ytrh.json
17,Soft,/usr/include,soft-20210904-uwsd.json
50,Granite,/proc,granite-20220205-3vfw.json
44,Steel,/usr/ports,steel-20220628-dqrw.json
9,Concrete,/bin,concrete-20211012-auw9.json
58,Soft,/usr/local/bin,soft-20220713-5yjr.json
86,Plastic,/usr/obj,plastic-20211205-bg4r.json
87,Metal,/home/user/dir,metal-20230212-gb94.json
89,Concrete,/usr/bin,concrete-20221230-2chq.json
90,Steel,/net,steel-20230209-1nfx.json
93,Frozen,/opt/lib,frozen-20220223-4zsk.json
94,Soft,/usr/share,soft-20220425-7vge.json
96,Soft,/var/spool,soft-20210925-iz9a.json
97,Plastic,/usr,plastic-20211226-m4aw.json
99,Fresh,/usr/ports,fresh-20210508-47n4.json
103,Wooden,/opt/include,wooden-20210915-yhkv.json
105,Fresh,/var/log,fresh-20210707-hfiz.json
102,Granite,/System,granite-20210604-fjnp.json
108,Cotton,/opt/lib,cotton-20220215-v0be.json
110,Frozen,/opt/sbin,frozen-20220811-u7v4.json
113,Metal,/usr/libexec,metal-20230104-81ah.json
115,Wooden,/var/log,wooden-20220218-sioz.json
116,Rubber,/etc/mail,rubber-20220905-7ug5.json
118,Metal,/usr/src,metal-20221219-gy2p.json
120,Wooden,/media,wooden-20221118-fy74.json
126,Bronze,/var/yp,bronze-20211208-xkxm.json
127,Bronze,/net,bronze-20210605-o6eo.json
117,Plastic,/etc/mail,plastic-20210826-05cx.json
129,Frozen,/var,frozen-20210826-jmyj.json
130,Soft,/usr/ports,soft-20220110-ku7d.json
131,Bronze,/usr/obj,bronze-20210822-r8jg.json
128,Steel,/etc/ppp,steel-20220524-bp6u.json
136,Wooden,/root,wooden-20210803-ftxe.json
147,Fresh,/opt/lib,fresh-20210629-bdz8.json
137,Granite,/Users,granite-20220515-ut6f.json
140,Plastic,/opt/lib,plastic-20210708-oxwg.json
142,Steel,/dev,steel-20220403-f7zn.json
132,Wooden,/usr/lib,wooden-20210716-efid.json
144,Frozen,/Applications,frozen-20220202-xj5a.json
146,Metal,/opt/include,metal-20211003-pqut.json
149,Concrete,/sys,concrete-20211206-42cj.json
72,Granite,/etc/periodic,granite-20211018-8105.json
156,Plastic,/etc/periodic,plastic-20221227-yh2k.json
159,Concrete,/bin,concrete-20230515-hz70.json
141,Metal,/sbin,metal-20220620-3qt5.json
162,Rubber,/opt,rubber-20221111-2g9s.json
163,Plastic,/lib,plastic-20220630-m2sx.json
101,Granite,/Users,granite-20211224-9u2x.json
158,Frozen,/System,frozen-20210804-24dq.json
145,Fresh,/sbin,fresh-20220908-nejm.json
133,Soft,/root,soft-20230204-9epx.json
119,Fresh,/bin,fresh-20220329-sq22.json
154,Steel,/usr/local/src,steel-20210722-6cs3.json
123,Soft,/usr/src,soft-20220308-59rv.json
106,Concrete,/home/user/dir,concrete-20230204-jsls.json
84,Cotton,/private,cotton-20221215-qgb4.json
150,Rubber,/Network,rubber-20220216-6lqz.json
74,Steel,/etc/defaults,steel-20210918-u2of.json
152,Cotton,/opt/sbin,cotton-20230414-ca1r.json
107,Cotton,/home/user,cotton-20220311-2ouk.json
124,Steel,/proc,steel-20211017-ye3d.json
161,Concrete,/Library,concrete-20211003-8qf1.json
92,Soft,/home/user/dir,soft-20221011-kqhw.json
153,Rubber,/bin,rubber-20210819-z68w.json
121,Rubber,/selinux,rubber-20220129-pxme.json
88,Bronze,/usr/lib,bronze-20211230-5u6g.json
155,Metal,/opt/lib,metal-20230228-wa21.json
98,Concrete,/var/mail,concrete-20221208-lo7a.json
112,Cotton,/selinux,cotton-20220621-k1hx.json
109,Rubber,/usr/share,rubber-20220705-kkib.json
135,Cotton,/usr/libexec,cotton-20210622-ktx8.json
91,Bronze,/sbin,bronze-20220402-mm8l.json
111,Plastic,/srv,plastic-20220907-h15e.json
151,Metal,/bin,metal-20220825-4lso.json
134,Concrete,/bin,concrete-20210809-7v5y.json
100,Rubber,/home/user/dir,rubber-20220922-qyh9.json
85,Fresh,/usr,fresh-20230226-7p3x.json
148,Soft,/boot/defaults,soft-20211031-r8ls.json
143,Rubber,/root,rubber-20220213-inka.json
83,Frozen,/usr,frozen-20210527-z7mi.json
157,Metal,/proc,metal-20211011-vn19.json
139,Wooden,/usr/lib,wooden-20211028-8e7p.json
138,Steel,/opt/share,steel-20220810-qfe8.json
104,Granite,/usr/local/bin,granite-20211018-eo1o.json
122,Bronze,/usr/X11R6,bronze-20220522-ciu2.json
95,Soft,/mnt,soft-20210815-c8lb.json
114,Frozen,/usr/X11R6,frozen-20220409-xx0n.json
160,Steel,/usr/local/bin,steel-20220811-rn9u.json
164,Cotton,/etc,cotton-20220728-2rm8.json
166,Granite,/opt/bin,granite-20211218-2uj7.json
168,Bronze,/boot/defaults,bronze-20220314-ocoo.json
169,Frozen,/selinux,frozen-20220909-chdu.json
170,Granite,/Applications,granite-20221022-1wfm.json
165,Granite,/opt/include,granite-20211013-sk3j.json
173,Soft,/mnt,soft-20220721-v4jl.json
175,Rubber,/opt/bin,rubber-20220911-wl13.json
178,Granite,/home/user,granite-20230213-jtdo.json
180,Soft,/usr/ports,soft-20220115-m6dl.json
181,Granite,/usr/include,granite-20230402-fm1k.json
182,Rubber,/usr/X11R6,rubber-20220531-cxcj.json
185,Soft,/var/mail,soft-20220408-1vkx.json
177,Bronze,/usr/include,bronze-20230211-72k2.json
174,Plastic,/var/tmp,plastic-20220408-g5ei.json
190,Steel,/usr/libdata,steel-20230522-9l5i.json
218,Bronze,/usr/sbin,bronze-20221007-najo.json
193,Frozen,/etc/periodic,frozen-20210826-awdx.json
195,Soft,/sys,soft-20220507-mul5.json
196,Soft,/usr/X11R6,soft-20210907-shxs.json
197,Soft,/private,soft-20230724-fhzz.json
198,Frozen,/Users,frozen-20220507-s5bg.json
199,Rubber,/bin,rubber-20220930-btxf.json
200,Granite,/lib,granite-20220711-4p81.json
201,Steel,/private/var,steel-20221101-ib3u.json
202,Granite,/home/user/dir,granite-20220318-aqwx.json
203,Frozen,/var/spool,frozen-20220623-oh2p.json
210,Cotton,/selinux,cotton-20211224-2tud.json
204,Wooden,/usr/libexec,wooden-20210919-wxr7.json
207,Bronze,/sys,bronze-20221021-31bh.json
211,Soft,/bin,soft-20230718-idjt.json
212,Plastic,/etc/ppp,plastic-20220815-blc6.json
215,Bronze,/etc/namedb,bronze-20230316-x1sb.json
219,Bronze,/usr/ports,bronze-20230317-l7kd.json
220,Concrete,/boot,concrete-20230517-k8kg.json
187,Bronze,/boot,bronze-20230625-lojh.json
221,Granite,/usr/lib,granite-20220107-q0ot.json
222,Plastic,/etc/namedb,plastic-20220227-59dm.json
223,Plastic,/home/user/dir,plastic-20220831-7i7d.json
224,Soft,/usr/bin,soft-20220614-1sgl.json
226,Steel,/Library,steel-20230311-iys7.json
227,Frozen,/etc/mail,frozen-20220311-zjib.json
229,Soft,/lib,soft-20220102-7g8f.json
231,Steel,/etc/mail,steel-20230221-jyus.json
217,Cotton,/private/tmp,cotton-20230522-60b7.json
232,Frozen,/etc/defaults,frozen-20231002-9s98.json
233,Frozen,/Users,frozen-20221202-dhdd.json
235,Plastic,/usr/local/src,plastic-20230930-0p4v.json
236,Cotton,/private/tmp,cotton-20220916-tuoi.json
237,Concrete,/net,concrete-20220511-y217.json
238,Soft,/srv,soft-20230522-jeud.json
240,Fresh,/usr/src,fresh-20220126-nv96.json
242,Concrete,/usr/ports,concrete-20230930-rklw.json
243,Concrete,/usr,concrete-20220827-nfpt.json
244,Steel,/boot/defaults,steel-20211202-nbf0.json
241,Rubber,/usr/obj,rubber-20230319-mate.json
205,Frozen,/rescue,frozen-20230722-ddu4.json
192,Concrete,/sys,concrete-20210823-c0jp.json
172,Steel,/private/tmp,steel-20230116-uwp6.json
176,Concrete,/var/tmp,concrete-20220406-h9s7.json
188,Rubber,/Library,rubber-20221203-59l5.json
213,Frozen,/usr,frozen-20220819-8bv5.json
239,Soft,/usr/X11R6,soft-20231007-xdso.json
228,Bronze,/var,bronze-20230819-tn98.json
216,Concrete,/var,concrete-20220514-yusd.json
191,Soft,/var/mail,soft-20211120-oaid.json
245,Concrete,/root,concrete-20231009-f727.json
209,Wooden,/private,wooden-20230306-7t9t.json
206,Soft,/usr/local/src,soft-20221208-eogu.json
208,Plastic,/lost+found,plastic-20230823-prpf.json
189,Cotton,/selinux,cotton-20210929-nvvm.json
234,Steel,/private/var,steel-20220313-97g7.json
183,Plastic,/sys,plastic-20230222-ogev.json
167,Frozen,/tmp,frozen-20220929-xo6g.json
179,Fresh,/etc/defaults,fresh-20230712-odco.json
230,Steel,/usr/obj,steel-20230526-3oih.json
184,Frozen,/etc/mail,frozen-20230513-v3xy.json
171,Plastic,/var/spool,plastic-20220316-dn2a.json
246,Plastic,/lost+found,plastic-20230608-7h1o.json
247,Soft,/etc,soft-20221208-pa0r.json
248,Fresh,/usr/libdata,fresh-20220421-r599.json
249,Soft,/usr/ports,soft-20220325-kyoj.json
250,Bronze,/usr/share,bronze-20211202-gc4f.json
253,Metal,/net,metal-20230629-2un5.json
186,Metal,/var/tmp,metal-20230530-n86x.json
254,Granite,/dev,granite-20220708-hnle.json
255,Steel,/opt/lib,steel-20230429-28vi.json
257,Steel,/System,steel-20220705-frap.json
258,Frozen,/home/user/dir,frozen-20220630-vsnx.json
261,Granite,/opt,granite-20220609-92sv.json
264,Wooden,/opt/bin,wooden-20230615-s2u0.json
265,Metal,/root,metal-20230204-yxyp.json
266,Steel,/usr/sbin,steel-20220603-3zkh.json
268,Cotton,/usr/libexec,cotton-20220504-wk9z.json
270,Steel,/sbin,steel-20220218-0qvw.json
271,Cotton,/opt/sbin,cotton-20231216-hudw.json
272,Bronze,/usr/bin,bronze-20220612-rl71.json
273,Soft,/usr/libdata,soft-20221205-a6p6.json
274,Concrete,/usr/share,concrete-20230830-8tuw.json
275,Metal,/etc,metal-20231005-9zhu.json
276,Frozen,/usr/libexec,frozen-20230922-e3mz.json
267,Steel,/home/user/dir,steel-20220615-cjs8.json
278,Bronze,/usr/sbin,bronze-20230707-kqlf.json
279,Wooden,/usr/libexec,wooden-20220317-54qi.json
281,Frozen,/opt/lib,frozen-20221115-scdl.json
284,Fresh,/lost+found,fresh-20231024-g1ig.json
285,Frozen,/etc/defaults,frozen-20230815-zije.json
252,Bronze,/proc,bronze-20220717-lauo.json
287,Granite,/sys,granite-20231221-9ds9.json
288,Plastic,/selinux,plastic-20230415-fcnk.json
290,Bronze,/etc/defaults,bronze-20220906-5ud8.json
277,Metal,/opt,metal-20220408-5pcq.json
292,Fresh,/tmp,fresh-20221004-wp56.json
293,Concrete,/opt/lib,concrete-20230525-vjxp.json
294,Steel,/usr/libdata,steel-20231215-tsg6.json
295,Granite,/opt/bin,granite-20231104-zwfn.json
296,Cotton,/var/tmp,cotton-20231027-wsml.json
297,Granite,/var/yp,granite-20220702-2ql0.json
298,Rubber,/etc/periodic,rubber-20230713-0nw3.json
299,Wooden,/root,wooden-20220321-6rsd.json
300,Soft,/sbin,soft-20220715-syjh.json
301,Frozen,/etc/mail,frozen-20230614-n2b7.json
302,Bronze,/private,bronze-20230409-5hxv.json
303,Rubber,/usr,rubber-20230910-9pd4.json
304,Steel,/Library,steel-20220619-ec5y.json
305,Plastic,/Applications,plastic-20230331-y8yc.json
306,Bronze,/Library,bronze-20220516-wtp0.json
307,Soft,/opt,soft-20230511-iz8m.json
309,Metal,/usr/libdata,metal-20230313-dkd3.json
262,Fresh,/opt/bin,fresh-20220809-zhoc.json
311,Steel,/lost+found,steel-20220407-1se7.json
312,Concrete,/lib,concrete-20220529-7tii.json
313,Plastic,/Users,plastic-20231231-fsdr.json
314,Cotton,/usr/src,cotton-20220926-rgqy.json
315,Concrete,/System,concrete-20230717-u6p2.json
317,Wooden,/private/var,wooden-20230710-hxsv.json
318,Cotton,/boot/defaults,cotton-20230518-lql8.json
319,Concrete,/etc,concrete-20220904-tsq7.json
320,Granite,/usr/local/src,granite-20230421-evia.json
321,Plastic,/net,plastic-20230801-8l45.json
322,Soft,/Network,soft-20220610-w39k.json
323,Plastic,/net,plastic-20230613-0smf.json
324,Wooden,/private,wooden-20230507-4qfk.json
325,Rubber,/mnt,rubber-20230331-e38p.json
326,Wooden,/etc,wooden-20220904-5xaa.json
283,Steel,/boot/defaults,steel-20230724-pj7l.json
308,Concrete,/usr/src,concrete-20220913-ipsg.json
260,Cotton,/usr/libexec,cotton-20231002-xhpz.json
280,Rubber,/lost+found,rubber-20231020-ol28.json
269,Plastic,/root,plastic-20221024-ss3c.json
286,Steel,/usr/local/src,steel-20230607-smh9.json
125,Bronze,/usr/bin,bronze-20221021-ogju.json
251,Wooden,/etc/ppp,wooden-20230413-ofsb.json
259,Bronze,/private/var,bronze-20211219-cxlb.json
256,Rubber,/rescue,rubber-20221210-zgjo.json
291,Plastic,/etc/namedb,plastic-20221005-a2tj.json
282,Concrete,/mnt,concrete-20230604-gg3c.json
327,Steel,/selinux,steel-20230427-9vsa.json
263,Wooden,/Network,wooden-20220317-9viu.json
328,Wooden,/opt,wooden-20221021-zwq8.json
329,Soft,/usr/lib,soft-20220629-yv4w.json
331,Frozen,/usr/obj,frozen-20230329-5fut.json
332,Cotton,/etc/periodic,cotton-20230412-tf84.json
333,Fresh,/net,fresh-20230127-9h9f.json
334,Concrete,/var/tmp,concrete-20240217-2zxa.json
335,Frozen,/usr/libexec,frozen-20230118-qls7.json
336,Soft,/var/tmp,soft-20221207-wley.json
337,Concrete,/usr/local/bin,concrete-20240227-i0cs.json
338,Rubber,/etc/periodic,rubber-20240127-poeh.json
340,Concrete,/boot/defaults,concrete-20230604-zuyt.json
341,Granite,/selinux,granite-20221030-p1fg.json
343,Frozen,/var/log,frozen-20221031-6jq5.json
344,Cotton,/net,cotton-20230725-dux8.json
345,Soft,/etc/periodic,soft-20220918-5fvo.json
346,Granite,/usr/include,granite-20230227-wzwi.json
347,Bronze,/boot,bronze-20230625-3agx.json
349,Granite,/usr,granite-20230215-cpyi.json
350,Concrete,/usr/local/src,concrete-20230108-8th1.json
339,Metal,/usr,metal-20220426-6eg5.json
351,Granite,/var/tmp,granite-20220622-mv79.json
353,Metal,/private/tmp,metal-20230622-ggr1.json
354,Steel,/usr/obj,steel-20230624-nil0.json
355,Frozen,/home/user,frozen-20221101-p7d7.json
357,Metal,/dev,metal-20240415-ren8.json
360,Steel,/home,steel-20230111-mwuw.json
362,Rubber,/srv,rubber-20230323-ez7e.json
361,Metal,/private,metal-20230913-np2p.json
363,Frozen,/mnt,frozen-20231220-scc9.json
364,Soft,/usr/sbin,soft-20230604-gszc.json
365,Metal,/srv,metal-20230502-v9gc.json
366,Bronze,/opt/include,bronze-20220512-u9v0.json
367,Granite,/opt,granite-20230416-kg1t.json
368,Rubber,/dev,rubber-20220729-f8kx.json
369,Concrete,/etc/namedb,concrete-20220717-fxwc.json
372,Plastic,/usr/local/src,plastic-20230623-8inm.json
373,Fresh,/var/log,fresh-20231016-4k7b.json
374,Bronze,/var/yp,bronze-20221206-wm5q.json
375,Soft,/usr/X11R6,soft-20230424-ll2o.json
377,Cotton,/lib,cotton-20230829-i2w7.json
378,Granite,/opt,granite-20240512-6307.json
379,Frozen,/usr/lib,frozen-20220814-mktj.json
380,Fresh,/var/spool,fresh-20240519-x7w4.json
381,Plastic,/usr/bin,plastic-20221124-3wio.json
382,Wooden,/usr/libdata,wooden-20230901-nvne.json
371,Frozen,/mnt,frozen-20230907-4z1n.json
384,Concrete,/boot/defaults,concrete-20230114-r08d.json
385,Frozen,/sbin,frozen-20230325-vccz.json
386,Cotton,/etc,cotton-20230317-fuuu.json
387,Plastic,/etc/periodic,plastic-20230412-h2qp.json
388,Concrete,/lost+found,concrete-20230319-5ruz.json
389,Concrete,/etc/mail,concrete-20230415-8dly.json
390,Cotton,/etc/mail,cotton-20230827-fppd.json
391,Cotton,/proc,cotton-20220807-j1nu.json
392,Plastic,/home,plastic-20221210-0kkl.json
393,Metal,/usr/share,metal-20220920-hmzb.json
394,Bronze,/home/user/dir,bronze-20240416-s7jf.json
395,Soft,/etc/ppp,soft-20230202-vkix.json
396,Steel,/etc/ppp,steel-20221012-8b7b.json
397,Steel,/boot/defaults,steel-20230801-oexh.json
398,Steel,/etc/ppp,steel-20231002-54hz.json
399,Steel,/usr/libdata,steel-20230717-c55b.json
400,Granite,/tmp,granite-20231018-aztf.json
401,Granite,/usr/local/src,granite-20231016-3jv6.json
402,Bronze,/opt/include,bronze-20220831-iuv5.json
403,Steel,/usr/ports,steel-20230328-vgtr.json
404,Plastic,/opt/sbin,plastic-20230116-ew7m.json
405,Bronze,/etc/ppp,bronze-20240517-3vgn.json
406,Granite,/var/yp,granite-20240124-yozt.json
376,Concrete,/Applications,concrete-20240508-p1ln.json
330,Concrete,/opt/sbin,concrete-20230608-0j9i.json
352,Cotton,/usr/share,cotton-20220913-glod.json
359,Metal,/sys,metal-20231212-ersj.json
383,Steel,/dev,steel-20230706-12h2.json
356,Plastic,/var/mail,plastic-20231126-npry.json
348,Concrete,/etc/ppp,concrete-20220729-9bx3.json
358,Plastic,/var/log,plastic-20221221-c3d8.json
407,Concrete,/boot,concrete-20230426-pbzh.json
408,Concrete,/usr/X11R6,concrete-20221210-8yxa.json
411,Plastic,/Applications,plastic-20240521-2plv.json
412,Soft,/home,soft-20220816-bd57.json
413,Frozen,/opt/share,frozen-20230208-gnm5.json
414,Cotton,/net,cotton-20230403-4b6r.json
370,Frozen,/usr/ports,frozen-20230202-zd3g.json
416,Plastic,/Applications,plastic-20231007-aumw.json
417,Rubber,/usr/libdata,rubber-20240106-ygft.json
418,Fresh,/usr/include,fresh-20230713-7eoz.json
419,Plastic,/rescue,plastic-20240711-bjym.json
420,Frozen,/usr/local/bin,frozen-20230522-c6lx.json
421,Cotton,/opt/lib,cotton-20231007-femg.json
422,Metal,/media,metal-20230815-9kr4.json
423,Steel,/lost+found,steel-20240630-p6wa.json
424,Rubber,/selinux,rubber-20240511-hdt9.json
425,Metal,/usr/ports,metal-20230220-2miv.json
426,Frozen,/boot,frozen-20240110-6mpq.json
427,Concrete,/Library,concrete-20230103-ouvr.json
428,Granite,/var/yp,granite-20240320-4xvt.json
429,Metal,/selinux,metal-20240804-zzyp.json
430,Granite,/usr/libexec,granite-20230428-8dad.json
434,Metal,/opt,metal-20240720-f85z.json
435,Plastic,/var,plastic-20230829-rbu1.json
436,Frozen,/usr/local/src,frozen-20230608-gnzd.json
437,Fresh,/sys,fresh-20231229-o936.json
438,Granite,/usr/include,granite-20230703-egmk.json
439,Concrete,/sys,concrete-20221016-iuz5.json
441,Concrete,/selinux,concrete-20240810-8i0u.json
442,Steel,/Users,steel-20221022-0d7b.json
443,Soft,/opt/sbin,soft-20230926-u0p0.json
444,Metal,/home,metal-20230702-px75.json
445,Cotton,/private,cotton-20240208-sf37.json
446,Frozen,/usr/X11R6,frozen-20240811-oorp.json
447,Metal,/bin,metal-20230823-23rw.json
450,Metal,/bin,metal-20231028-pokj.json
451,Bronze,/lib,bronze-20240123-yd35.json
452,Rubber,/var/spool,rubber-20240828-fya5.json
431,Cotton,/usr/lib,cotton-20240707-713b.json
453,Soft,/opt/sbin,soft-20240826-j4zy.json
454,Fresh,/usr/share,fresh-20230614-tn8l.json
455,Bronze,/srv,bronze-20221128-buy2.json
456,Rubber,/etc,rubber-20240418-1ylr.json
457,Cotton,/mnt,cotton-20240208-p47f.json
458,Plastic,/var/tmp,plastic-20240810-u23u.json
459,Soft,/etc/namedb,soft-20231013-do33.json
460,Granite,/var/log,granite-20221202-08s3.json
461,Cotton,/home/user/dir,cotton-20240130-a6dt.json
462,Frozen,/usr/libdata,frozen-20240226-jypu.json
463,Concrete,/usr/src,concrete-20230411-0bao.json
214,Plastic,/etc/defaults,plastic-20211220-4s5b.json
464,Concrete,/dev,concrete-20240118-b2n3.json
465,Granite,/opt/share,granite-20240725-o6el.json
466,Plastic,/usr/local/src,plastic-20230628-lgmw.json
467,Steel,/lost+found,steel-20240119-s61h.json
469,Steel,/usr,steel-20240223-g5k3.json
470,Wooden,/boot,wooden-20240220-n88k.json
471,Granite,/opt/sbin,granite-20230911-14tu.json
472,Concrete,/usr/share,concrete-20241026-76vi.json
474,Metal,/usr/local/src,metal-20231224-ouv4.json
475,Steel,/media,steel-20240930-54ot.json
477,Bronze,/lib,bronze-20230409-joj9.json
478,Metal,/opt/share,metal-20240122-859b.json
479,Cotton,/rescue,cotton-20231029-jcjz.json
480,Cotton,/usr/src,cotton-20240215-t98h.json
481,Plastic,/etc/namedb,plastic-20230108-onp8.json
483,Soft,/var/tmp,soft-20240916-viwu.json
484,Plastic,/Library,plastic-20230901-olsr.json
485,Frozen,/usr,frozen-20230529-060c.json
486,Metal,/home/user,metal-20230324-z7sp.json
440,Cotton,/private/tmp,cotton-20240601-7hpu.json
487,Metal,/etc/defaults,metal-20231219-orfe.json
488,Plastic,/private/var,plastic-20230910-i501.json
432,Fresh,/etc/namedb,fresh-20240526-deq4.json
482,Plastic,/Library,plastic-20230117-shqa.json
409,Wooden,/boot/defaults,wooden-20230217-uy0s.json
449,Metal,/var/mail,metal-20240819-ay0m.json
489,Frozen,/opt,frozen-20230920-5pmt.json
490,Metal,/var/spool,metal-20230215-a7yc.json
493,Cotton,/dev,cotton-20241109-h6ic.json
494,Plastic,/etc/mail,plastic-20230515-yxty.json
495,Granite,/var/yp,granite-20230708-ssor.json
496,Wooden,/opt/include,wooden-20240217-sgze.json
497,Frozen,/tmp,frozen-20240411-ve2u.json
498,Metal,/opt,metal-20240927-u27x.json
499,Soft,/selinux,soft-20241130-9k8x.json
500,Steel,/usr/local/bin,steel-20230106-bgna.json
502,Soft,/usr/share,soft-20240427-lrgo.json
503,Wooden,/Library,wooden-20230711-g1p6.json
504,Rubber,/net,rubber-20240421-vwnu.json
505,Rubber,/home/user/dir,rubber-20230214-lthc.json
506,Plastic,/private,plastic-20231129-wt29.json
507,Steel,/usr/libexec,steel-20231208-xd3t.json
508,Soft,/opt/sbin,soft-20240119-f5pa.json
509,Rubber,/opt/share,rubber-20240803-8001.json
510,Granite,/net,granite-20240604-rf40.json
511,Cotton,/var,cotton-20240908-x14e.json
512,Concrete,/var/log,concrete-20240529-p6yn.json
513,Bronze,/private/tmp,bronze-20231215-63zp.json
491,Plastic,/usr/bin,plastic-20230622-xqn8.json
514,Bronze,/net,bronze-20241111-n42p.json
515,Frozen,/opt,frozen-20240526-5760.json
516,Wooden,/usr/X11R6,wooden-20240310-8g72.json
433,Wooden,/rescue,wooden-20231202-ut83.json
518,Metal,/usr/include,metal-20241223-8n78.json
519,Frozen,/opt/sbin,frozen-20231001-6ial.json
520,Metal,/Applications,metal-20230908-y5ik.json
521,Rubber,/usr/local/bin,rubber-20230707-v6yy.json
522,Wooden,/private/tmp,wooden-20240430-bbgo.json
523,Bronze,/etc/mail,bronze-20231114-1j5u.json
524,Frozen,/lib,frozen-20231128-3j1h.json
525,Granite,/srv,granite-20241013-2zvo.json
526,Cotton,/home/user,cotton-20240123-ny4x.json
527,Concrete,/var/mail,concrete-20230312-eu7f.json
528,Frozen,/usr/ports,frozen-20230216-praj.json
529,Plastic,/tmp,plastic-20241201-5yh7.json
530,Wooden,/bin,wooden-20230817-lnag.json
531,Concrete,/lib,concrete-20240906-qml0.json
532,Fresh,/usr/local/bin,fresh-20231112-zwlh.json
533,Soft,/usr/share,soft-20240215-7glv.json
534,Cotton,/var,cotton-20240817-jfav.json
536,Metal,/System,metal-20241127-sx35.json
537,Rubber,/var/mail,rubber-20230809-2r2k.json
538,Bronze,/tmp,bronze-20230330-ag59.json
539,Rubber,/home/user,rubber-20240722-b43k.json
540,Rubber,/media,rubber-20230917-bx6h.json
541,Frozen,/opt,frozen-20240119-bfcj.json
542,Frozen,/net,frozen-20240830-mzmc.json
543,Rubber,/etc/periodic,rubber-20240926-x14a.json
544,Plastic,/private,plastic-20230506-5rcd.json
545,Wooden,/home/user/dir,wooden-20240912-26l7.json
546,Plastic,/opt/share,plastic-20240808-za9g.json
547,Fresh,/etc/defaults,fresh-20230430-jovd.json
548,Granite,/lib,granite-20250223-6n01.json
549,Rubber,/opt/bin,rubber-20250305-9k5t.json
410,Fresh,/private/tmp,fresh-20230506-awth.json
310,Wooden,/usr/local/src,wooden-20220626-xhic.json
550,Granite,/tmp,granite-20250104-50l0.json
551,Frozen,/opt/include,frozen-20240630-i5yu.json
29,Bronze,/usr/local/bin,bronze-20210307-o8yd.json
194,Cotton,/usr/X11R6,cotton-20230111-bcst.json
552,Rubber,/opt,rubber-20230625-v0ff.json
553,Frozen,/var,frozen-20241009-tr66.json
554,Bronze,/usr/include,bronze-20240908-uqex.json
555,Steel,/srv,steel-20230419-3iol.json
556,Bronze,/lost+found,bronze-20250329-wm1a.json
557,Rubber,/etc,rubber-20241207-pyc4.json
558,Steel,/Library,steel-20240528-y78w.json
476,Concrete,/lost+found,concrete-20241118-tu7d.json
225,Soft,/mnt,soft-20220929-k18k.json
559,Frozen,/etc/ppp,frozen-20250205-2gdy.json
560,Fresh,/etc,fresh-20240111-36fd.json
561,Metal,/root,metal-20240709-z9ce.json
562,Bronze,/root,bronze-20250115-9sfh.json
563,Rubber,/usr,rubber-20240214-cv59.json
564,Concrete,/etc,concrete-20230721-8ig3.json
565,Concrete,/selinux,concrete-20240405-nnll.json
566,Cotton,/Library,cotton-20250121-juqm.json
567,Wooden,/usr/share,wooden-20231004-kiyk.json
568,Rubber,/lost+found,rubber-20240727-1uwy.json
569,Granite,/sbin,granite-20240302-mhp8.json
20,Metal,/root,metal-20201229-s60u.json
570,Granite,/usr,granite-20241217-iuhr.json
571,Fresh,/usr/libexec,fresh-20231031-xol4.json
572,Rubber,/var/mail,rubber-20250321-n3mt.json
573,Steel,/rescue,steel-20250112-a3d0.json
468,Rubber,/usr/X11R6,rubber-20240727-1jiv.json
501,Granite,/opt/include,granite-20240813-sy9h.json
448,Fresh,/usr/libdata,fresh-20240918-d2np.json
574,Frozen,/boot/defaults,frozen-20231015-a7xj.json
575,Soft,/dev,soft-20240824-mv87.json
576,Bronze,/lost+found,bronze-20240218-sz3v.json
577,Fresh,/var/tmp,fresh-20241227-vxhy.json
473,Rubber,/System,rubber-20240916-1hsu.json
578,Granite,/usr/share,granite-20230714-zkki.json
579,Fresh,/usr/lib,fresh-20230605-wn0i.json
415,Metal,/proc,metal-20230725-hiyx.json
580,Metal,/usr/include,metal-20241017-tfaj.json
581,Rubber,/opt/share,rubber-20230901-ag6p.json
26,Rubber,/usr/libdata,rubber-20220814-o6dm.json
582,Rubber,/var/yp,rubber-20230923-vg6m.json
583,Bronze,/var/tmp,bronze-20240701-s2ie.json
584,Soft,/usr/X11R6,soft-20240807-d11g.json
585,Granite,/usr/ports,granite-20230911-2m74.json
586,Steel,/root,steel-20241111-ccpl.json
587,Frozen,/usr/local/src,frozen-20240630-quom.json
588,Wooden,/srv,wooden-20240205-jirf.json
589,Granite,/etc/periodic,granite-20231109-nurs.json
492,Frozen,/etc/mail,frozen-20230814-6p3g.json
316,Fresh,/opt/sbin,fresh-20230213-1kvk.json
590,Fresh,/boot/defaults,fresh-20240201-tyw5.json
591,Fresh,/home/user/dir,fresh-20230910-9bfr.json
42,Metal,/lib,metal-20220529-ke0x.json
592,Steel,/boot/defaults,steel-20240122-55z5.json
593,Soft,/Applications,soft-20230601-5axn.json
594,Rubber,/media,rubber-20231119-7bbf.json
535,Rubber,/sbin,rubber-20240724-nndw.json
22,Fresh,/var/spool,fresh-20210615-opko.json
342,Cotton,/Applications,cotton-20220418-m6hn.json
289,Fresh,/etc/periodic,fresh-20220522-llpr.json
595,Concrete,/usr/include,concrete-20240210-5cnt.json
517,Concrete,/media,concrete-20230215-8r2c.json
596,Soft,/var/yp,soft-20230918-6jyb.json
597,Frozen,/opt/bin,frozen-20240412-s9sl.json
598,Cotton,/var/log,cotton-20240320-dtv5.json
599,Granite,/root,granite-20250311-5ud9.json
600,Bronze,/etc/defaults,bronze-20230904-ihww.json
601,Steel,/usr/ports,steel-20240925-qsbh.json
602,Rubber,/sys,rubber-20240419-jltq.json
603,Steel,/opt/include,steel-20240206-tukd.json
604,Steel,/Applications,steel-20240901-gyw8.json
605,Plastic,/Network,plastic-20241121-t5de.json
606,Frozen,/sys,frozen-20240927-nbtx.json
607,Frozen,/sys,frozen-20250227-qec3.json
